Id,MSSubClass,MSZoning,LotFrontage,LotArea,Street,Alley,LotShape,LandContour
1,60,RL,65.0,8450,Pave,,Reg,Lvl
2,20,RL,80.0,9600,Pave,,Reg,Lvl
3,60,RL,68.0,11250,Pave,,IR1,Lvl
4,70,RL,60.0,9550,Pave,,IR1,Lvl
5,60,RL,84.0,14260,Pave,,IR1,Lvl
6,50,RL,85.0,14115,Pave,,IR1,Lvl
7,20,RL,75.0,10084,Pave,,Reg,Lvl
8,60,RL,,10382,Pave,,IR1,Lvl
9,50,RM,51.0,6120,Pave,,Reg,Lvl
10,190,RL,50.0,7420,Pave,,Reg,Lvl
11,20,RL,70.0,11200,Pave,,Reg,Lvl
12,60,RL,85.0,11924,Pave,,IR1,Lvl
13,20,RL,,12968,Pave,,IR2,Lvl
14,20,RL,91.0,10652,Pave,,IR1,Lvl
15,20,RL,,10920,Pave,,IR1,Lvl
16,45,RM,51.0,6120,Pave,,Reg,Lvl
17,20,RL,,11241,Pave,,IR1,Lvl
18,90,RL,72.0,10791,Pave,,Reg,Lvl
19,20,RL,66.0,13695,Pave,,Reg,Lvl
20,20,RL,70.0,7560,Pave,,Reg,Lvl
21,60,RL,101.0,14215,Pave,,IR1,Lvl
22,45,RM,57.0,7449,Pave,Grvl,Reg,Bnk
23,20,RL,75.0,9742,Pave,,Reg,Lvl
24,120,RM,44.0,4224,Pave,,Reg,Lvl
25,20,RL,,8246,Pave,,IR1,Lvl
26,20,RL,110.0,14230,Pave,,Reg,Lvl
27,20,RL,60.0,7200,Pave,,Reg,Lvl
28,20,RL,98.0,11478,Pave,,Reg,Lvl
29,20,RL,47.0,16321,Pave,,IR1,Lvl
30,30,RM,60.0,6324,Pave,,IR1,Lvl
31,70,C (all),50.0,8500,Pave,Pave,Reg,Lvl
32,20,RL,,8544,Pave,,IR1,Lvl
33,20,RL,85.0,11049,Pave,,Reg,Lvl
34,20,RL,70.0,10552,Pave,,IR1,Lvl
35,120,RL,60.0,7313,Pave,,Reg,Lvl
36,60,RL,108.0,13418,Pave,,Reg,Lvl
37,20,RL,112.0,10859,Pave,,Reg,Lvl
38,20,RL,74.0,8532,Pave,,Reg,Lvl
39,20,RL,68.0,7922,Pave,,Reg,Lvl
40,90,RL,65.0,6040,Pave,,Reg,Lvl
41,20,RL,84.0,8658,Pave,,Reg,Lvl
42,20,RL,115.0,16905,Pave,,Reg,Lvl
43,85,RL,,9180,Pave,,IR1,Lvl
44,20,RL,,9200,Pave,,IR1,Lvl
45,20,RL,70.0,7945,Pave,,Reg,Lvl
46,120,RL,61.0,7658,Pave,,Reg,Lvl
47,50,RL,48.0,12822,Pave,,IR1,Lvl
48,20,FV,84.0,11096,Pave,,Reg,Lvl
49,190,RM,33.0,4456,Pave,,Reg,Lvl
50,20,RL,66.0,7742,Pave,,Reg,Lvl
51,60,RL,,13869,Pave,,IR2,Lvl
52,50,RM,52.0,6240,Pave,,Reg,Lvl
53,90,RM,110.0,8472,Grvl,,IR2,Bnk
54,20,RL,68.0,50271,Pave,,IR1,Low
55,80,RL,60.0,7134,Pave,,Reg,Bnk
56,20,RL,100.0,10175,Pave,,IR1,Lvl
57,160,FV,24.0,2645,Pave,Pave,Reg,Lvl
58,60,RL,89.0,11645,Pave,,IR1,Lvl
59,60,RL,66.0,13682,Pave,,IR2,HLS
60,20,RL,60.0,7200,Pave,,Reg,Bnk
61,20,RL,63.0,13072,Pave,,Reg,Lvl
62,75,RM,60.0,7200,Pave,,Reg,Lvl
63,120,RL,44.0,6442,Pave,,IR1,Lvl
64,70,RM,50.0,10300,Pave,,IR1,Bnk
65,60,RL,,9375,Pave,,Reg,Lvl
66,60,RL,76.0,9591,Pave,,Reg,Lvl
67,20,RL,,19900,Pave,,Reg,Lvl
68,20,RL,72.0,10665,Pave,,IR1,Lvl
69,30,RM,47.0,4608,Pave,,Reg,Lvl
70,50,RL,81.0,15593,Pave,,Reg,Lvl
71,20,RL,95.0,13651,Pave,,IR1,Lvl
72,20,RL,69.0,7599,Pave,,Reg,Lvl
73,60,RL,74.0,10141,Pave,,IR1,Lvl
74,20,RL,85.0,10200,Pave,,Reg,Lvl
75,50,RM,60.0,5790,Pave,,Reg,Lvl
76,180,RM,21.0,1596,Pave,,Reg,Lvl
77,20,RL,,8475,Pave,,IR1,Lvl
78,50,RM,50.0,8635,Pave,,Reg,Lvl
79,90,RL,72.0,10778,Pave,,Reg,Lvl
80,50,RM,60.0,10440,Pave,Grvl,Reg,Lvl
81,60,RL,100.0,13000,Pave,,Reg,Lvl
82,120,RM,32.0,4500,Pave,,Reg,Lvl
83,20,RL,78.0,10206,Pave,,Reg,Lvl
84,20,RL,80.0,8892,Pave,,IR1,Lvl
85,80,RL,,8530,Pave,,IR1,Lvl
86,60,RL,121.0,16059,Pave,,Reg,Lvl
87,60,RL,122.0,11911,Pave,,IR2,Lvl
88,160,FV,40.0,3951,Pave,Pave,Reg,Lvl
89,50,C (all),105.0,8470,Pave,,IR1,Lvl
90,20,RL,60.0,8070,Pave,,Reg,Lvl
91,20,RL,60.0,7200,Pave,,Reg,Lvl
92,20,RL,85.0,8500,Pave,,Reg,Lvl
93,30,RL,80.0,13360,Pave,Grvl,IR1,HLS
94,190,C (all),60.0,7200,Pave,,Reg,Lvl
95,60,RL,69.0,9337,Pave,,IR1,Lvl
96,60,RL,,9765,Pave,,IR2,Lvl
97,20,RL,78.0,10264,Pave,,IR1,Lvl
98,20,RL,73.0,10921,Pave,,Reg,HLS
99,30,RL,85.0,10625,Pave,,Reg,Lvl
100,20,RL,77.0,9320,Pave,,IR1,Lvl
101,20,RL,,10603,Pave,,IR1,Lvl
102,60,RL,77.0,9206,Pave,,Reg,Lvl
103,90,RL,64.0,7018,Pave,,Reg,Bnk
104,20,RL,94.0,10402,Pave,,IR1,Lvl
105,50,RM,,7758,Pave,,Reg,Lvl
106,60,FV,75.0,9375,Pave,,Reg,Lvl
107,30,RM,60.0,10800,Pave,Grvl,Reg,Lvl
108,20,RM,50.0,6000,Pave,,Reg,Lvl
109,50,RM,85.0,8500,Pave,,Reg,Lvl
110,20,RL,105.0,11751,Pave,,IR1,Lvl
111,50,RL,75.0,9525,Pave,,Reg,Lvl
112,80,RL,,7750,Pave,,IR1,Lvl
113,60,RL,77.0,9965,Pave,,Reg,Lvl
114,20,RL,,21000,Pave,,Reg,Bnk
115,70,RL,61.0,7259,Pave,,IR1,Lvl
116,160,FV,34.0,3230,Pave,Pave,Reg,Lvl
117,20,RL,,11616,Pave,,Reg,Lvl
118,20,RL,74.0,8536,Pave,,Reg,Lvl
119,60,RL,90.0,12376,Pave,,Reg,Lvl
120,60,RL,65.0,8461,Pave,,Reg,Lvl
121,80,RL,,21453,Pave,,IR1,Low
122,50,RM,50.0,6060,Pave,,Reg,Lvl
123,20,RL,75.0,9464,Pave,,Reg,Lvl
124,120,RL,55.0,7892,Pave,,Reg,Lvl
125,20,RL,48.0,17043,Pave,,IR1,Lvl
126,190,RM,60.0,6780,Pave,,Reg,Lvl
127,120,RL,,4928,Pave,,IR1,Lvl
128,45,RM,55.0,4388,Pave,,IR1,Bnk
129,60,RL,69.0,7590,Pave,,Reg,Lvl
130,20,RL,69.0,8973,Pave,,Reg,Lvl
131,60,RL,88.0,14200,Pave,,Reg,Lvl
132,60,RL,,12224,Pave,,IR1,Lvl
133,20,RL,75.0,7388,Pave,,Reg,Lvl
134,20,RL,,6853,Pave,,IR1,Lvl
135,20,RL,78.0,10335,Pave,,IR1,Lvl
136,20,RL,80.0,10400,Pave,,Reg,Lvl
137,20,RL,,10355,Pave,,IR1,Lvl
138,90,RL,82.0,11070,Pave,,Reg,Lvl
139,60,RL,73.0,9066,Pave,,IR1,Lvl
140,60,RL,65.0,15426,Pave,,IR1,Lvl
141,20,RL,70.0,10500,Pave,,Reg,Lvl
142,20,RL,78.0,11645,Pave,,Reg,Lvl
143,50,RL,71.0,8520,Pave,,Reg,Lvl
144,20,RL,78.0,10335,Pave,,IR1,Lvl
145,90,RM,70.0,9100,Pave,,Reg,Lvl
146,160,RM,24.0,2522,Pave,,Reg,Lvl
147,30,RM,51.0,6120,Pave,,Reg,Lvl
148,60,RL,,9505,Pave,,IR1,Lvl
149,20,RL,63.0,7500,Pave,,Reg,Lvl
150,50,RM,,6240,Pave,,Reg,Lvl
151,20,RL,120.0,10356,Pave,,Reg,Lvl
152,20,RL,107.0,13891,Pave,,Reg,Lvl
153,60,RL,,14803,Pave,,IR1,Lvl
154,20,RL,,13500,Pave,,Reg,Lvl
155,30,RM,84.0,11340,Pave,,Reg,Lvl
156,50,RL,60.0,9600,Pave,,Reg,Lvl
157,20,RL,60.0,7200,Pave,,Reg,Lvl
158,60,RL,92.0,12003,Pave,,Reg,Lvl
159,60,FV,100.0,12552,Pave,,Reg,Lvl
160,60,RL,134.0,19378,Pave,,IR1,HLS
161,20,RL,,11120,Pave,,IR1,Lvl
162,60,RL,110.0,13688,Pave,,IR1,Lvl
163,20,RL,95.0,12182,Pave,,Reg,Lvl
164,45,RL,55.0,5500,Pave,,Reg,Lvl
165,40,RM,40.0,5400,Pave,Pave,Reg,Lvl
166,190,RL,62.0,10106,Pave,,Reg,Lvl
167,20,RL,,10708,Pave,,IR1,Lvl
168,60,RL,86.0,10562,Pave,,Reg,Lvl
169,60,RL,62.0,8244,Pave,,IR1,Lvl
170,20,RL,,16669,Pave,,IR1,Lvl
171,50,RM,,12358,Pave,,IR1,Lvl
172,20,RL,141.0,31770,Pave,,IR1,Lvl
173,160,RL,44.0,5306,Pave,,IR1,Lvl
174,20,RL,80.0,10197,Pave,,IR1,Lvl
175,20,RL,47.0,12416,Pave,,IR1,Lvl
176,20,RL,84.0,12615,Pave,,Reg,Lvl
177,60,RL,97.0,10029,Pave,,IR1,Lvl
178,50,RL,,13650,Pave,,Reg,Lvl
179,20,RL,63.0,17423,Pave,,IR1,Lvl
180,30,RM,60.0,8520,Pave,,Reg,Lvl
181,160,FV,,2117,Pave,,Reg,Lvl
182,70,RL,54.0,7588,Pave,,Reg,Lvl
183,20,RL,60.0,9060,Pave,,Reg,Lvl
184,50,RM,63.0,11426,Pave,,Reg,Lvl
185,50,RL,92.0,7438,Pave,,IR1,Lvl
186,75,RM,90.0,22950,Pave,,IR2,Lvl
187,80,RL,,9947,Pave,,IR1,Lvl
188,50,RL,60.0,10410,Pave,,Reg,Lvl
189,90,RL,64.0,7018,Pave,,Reg,Bnk
190,120,RL,41.0,4923,Pave,,Reg,Lvl
191,70,RL,70.0,10570,Pave,,Reg,Bnk
192,60,RL,,7472,Pave,,IR1,Lvl
193,20,RL,68.0,9017,Pave,,IR1,Lvl
194,160,RM,24.0,2522,Pave,,Reg,Lvl
195,20,RL,60.0,7180,Pave,,IR1,Lvl
196,160,RL,24.0,2280,Pave,,Reg,Lvl
197,20,RL,79.0,9416,Pave,,Reg,Lvl
198,75,RL,174.0,25419,Pave,,Reg,Lvl
199,75,RM,92.0,5520,Pave,,Reg,Lvl
200,20,RL,76.0,9591,Pave,,Reg,Lvl
201,20,RM,80.0,8546,Pave,,Reg,Lvl
202,20,RL,75.0,10125,Pave,,Reg,Lvl
203,50,RL,50.0,7000,Pave,,Reg,Lvl
204,120,RM,,4438,Pave,,Reg,Lvl
205,50,RM,50.0,3500,Pave,Grvl,Reg,Lvl
206,20,RL,99.0,11851,Pave,,Reg,Lvl
207,20,RL,40.0,13673,Pave,,IR1,Lvl
208,20,RL,,12493,Pave,,IR1,Lvl
209,60,RL,,14364,Pave,,IR1,Low
210,20,RL,75.0,8250,Pave,,Reg,Lvl
211,30,RL,67.0,5604,Pave,,Reg,Lvl
212,20,RL,83.0,10420,Pave,,Reg,Lvl
213,60,FV,72.0,8640,Pave,,Reg,Lvl
214,20,RL,43.0,13568,Pave,,IR2,Lvl
215,60,RL,,10900,Pave,,IR1,Lvl
216,20,RL,72.0,10011,Pave,,IR1,Lvl
217,20,RL,65.0,8450,Pave,,Reg,Lvl
218,70,RM,57.0,9906,Pave,Grvl,Reg,Lvl
219,50,RL,,15660,Pave,,IR1,Lvl
220,120,RL,43.0,3010,Pave,,Reg,Lvl
221,20,RL,73.0,8990,Pave,,IR1,Lvl
222,60,RL,,8068,Pave,,IR1,Lvl
223,60,RL,85.0,11475,Pave,,Reg,Lvl
224,20,RL,70.0,10500,Pave,,Reg,Lvl
225,20,RL,103.0,13472,Pave,,Reg,Lvl
226,160,RM,21.0,1680,Pave,,Reg,Lvl
227,60,RL,82.0,9950,Pave,,IR1,Lvl
228,160,RM,21.0,1869,Pave,,Reg,Lvl
229,20,RL,70.0,8521,Pave,,Reg,Lvl
230,120,RL,43.0,3182,Pave,,Reg,Lvl
231,20,RL,73.0,8760,Pave,,Reg,Lvl
232,60,RL,174.0,15138,Pave,,IR1,Lvl
233,160,RM,21.0,1680,Pave,,Reg,Lvl
234,20,RL,75.0,10650,Pave,,Reg,Lvl
235,60,RL,,7851,Pave,,Reg,Lvl
236,160,RM,21.0,1680,Pave,,Reg,Lvl
237,20,RL,65.0,8773,Pave,,Reg,Lvl
238,60,RL,,9453,Pave,,IR1,Lvl
239,20,RL,93.0,12030,Pave,,Reg,Lvl
240,50,RL,52.0,8741,Pave,,Reg,Lvl
241,20,FV,75.0,9000,Pave,,Reg,Lvl
242,30,RM,40.0,3880,Pave,,Reg,Lvl
243,50,RM,63.0,5000,Pave,,Reg,Lvl
244,160,RL,75.0,10762,Pave,,Reg,Lvl
245,60,RL,,8880,Pave,,IR1,Lvl
246,20,RL,80.0,10400,Pave,,Reg,Lvl
247,190,RM,69.0,9142,Pave,Grvl,Reg,Lvl
248,20,RL,75.0,11310,Pave,,Reg,Lvl
249,60,RL,72.0,11317,Pave,,Reg,Lvl
250,50,RL,,159000,Pave,,IR2,Low
251,30,RL,55.0,5350,Pave,,IR1,Lvl
252,120,RM,44.0,4750,Pave,,IR1,HLS
253,60,RL,65.0,8366,Pave,,IR1,Lvl
254,80,RL,85.0,9350,Pave,,Reg,Lvl
255,20,RL,70.0,8400,Pave,,Reg,Lvl
256,60,RL,66.0,8738,Pave,,IR1,Lvl
257,60,FV,64.0,8791,Pave,,IR1,Lvl
258,20,RL,68.0,8814,Pave,,Reg,Lvl
259,60,RL,80.0,12435,Pave,,Reg,Lvl
260,20,RM,70.0,12702,Pave,,Reg,Lvl
261,80,RL,120.0,19296,Pave,,Reg,Lvl
262,60,RL,69.0,9588,Pave,,IR1,Lvl
263,80,RL,88.0,8471,Pave,,IR1,Lvl
264,50,RM,50.0,5500,Pave,,Reg,Lvl
265,30,RM,30.0,5232,Pave,Grvl,IR3,Bnk
266,20,RL,78.0,12090,Pave,,IR1,Lvl
267,60,RL,70.0,11207,Pave,,IR1,HLS
268,75,RL,60.0,8400,Pave,,Reg,Bnk
269,30,RM,71.0,6900,Pave,,Reg,Lvl
270,20,RL,,7917,Pave,,IR1,Lvl
271,60,FV,84.0,10728,Pave,,Reg,Lvl
272,20,RL,73.0,39104,Pave,,IR1,Low
273,60,RL,92.0,11764,Pave,,IR1,Lvl
274,20,RL,80.0,9600,Pave,,Reg,Lvl
275,20,RL,76.0,8314,Pave,,Reg,Lvl
276,50,RL,55.0,7264,Pave,,Reg,Lvl
277,20,RL,129.0,9196,Pave,,IR1,Lvl
278,20,RL,140.0,19138,Pave,,Reg,Lvl
279,20,RL,107.0,14450,Pave,,Reg,Lvl
280,60,RL,83.0,10005,Pave,,Reg,Lvl
281,60,RL,82.0,11287,Pave,,Reg,Lvl
282,20,FV,60.0,7200,Pave,Pave,Reg,Lvl
283,120,RL,34.0,5063,Pave,,Reg,Lvl
284,20,RL,74.0,9612,Pave,,Reg,Lvl
285,120,RL,50.0,8012,Pave,,Reg,Lvl
286,160,FV,35.0,4251,Pave,Pave,IR1,Lvl
287,50,RL,77.0,9786,Pave,,IR1,Bnk
288,20,RL,,8125,Pave,,IR1,Lvl
289,20,RL,,9819,Pave,,IR1,Lvl
290,70,RL,60.0,8730,Pave,,Reg,Lvl
291,60,RL,120.0,15611,Pave,,Reg,Lvl
292,190,RL,55.0,5687,Pave,Grvl,Reg,Bnk
293,50,RL,60.0,11409,Pave,,Reg,Lvl
294,60,RL,,16659,Pave,,IR1,Lvl
295,20,RL,80.0,9600,Pave,,Reg,Lvl
296,80,RL,37.0,7937,Pave,,IR1,Lvl
297,50,RM,75.0,13710,Pave,,Reg,Lvl
298,60,FV,66.0,7399,Pave,Pave,IR1,Lvl
299,60,RL,90.0,11700,Pave,,Reg,Lvl
300,20,RL,80.0,14000,Pave,,Reg,Lvl
301,190,RL,90.0,15750,Pave,,Reg,Lvl
302,60,RL,66.0,16226,Pave,,IR3,Lvl
303,20,RL,118.0,13704,Pave,,IR1,Lvl
304,20,RL,70.0,9800,Pave,,Reg,Lvl
305,75,RM,87.0,18386,Pave,,Reg,Lvl
306,20,RL,80.0,10386,Pave,,Reg,Lvl
307,60,RL,116.0,13474,Pave,,Reg,Lvl
308,50,RM,,7920,Pave,Grvl,IR1,Lvl
309,30,RL,,12342,Pave,,IR1,Lvl
310,20,RL,90.0,12378,Pave,,IR1,Lvl
311,60,RL,,7685,Pave,,IR1,Lvl
312,20,RL,50.0,8000,Pave,,Reg,Lvl
313,190,RM,65.0,7800,Pave,,Reg,Lvl
314,20,RL,150.0,215245,Pave,,IR3,Low
315,70,RM,60.0,9600,Pave,Grvl,Reg,Lvl
316,60,RL,71.0,7795,Pave,,IR1,Lvl
317,60,RL,94.0,13005,Pave,,IR1,Lvl
318,60,FV,75.0,9000,Pave,,Reg,Lvl
319,60,RL,90.0,9900,Pave,,Reg,Low
320,80,RL,,14115,Pave,,Reg,Lvl
321,60,RL,111.0,16259,Pave,,Reg,Lvl
322,60,RL,99.0,12099,Pave,,IR1,Lvl
323,60,RL,86.0,10380,Pave,,IR1,Lvl
324,20,RM,49.0,5820,Pave,,Reg,Lvl
325,80,RL,96.0,11275,Pave,,Reg,Lvl
326,45,RM,50.0,5000,Pave,,Reg,Lvl
327,120,RL,32.0,10846,Pave,,IR1,Lvl
328,20,RL,80.0,11600,Pave,,Reg,Lvl
329,75,RL,,11888,Pave,Pave,IR1,Bnk
330,70,RM,60.0,6402,Pave,,Reg,Lvl
331,90,RL,,10624,Pave,,IR1,Lvl
332,20,RL,70.0,8176,Pave,,Reg,Lvl
333,20,RL,85.0,10655,Pave,,IR1,Lvl
334,120,RM,59.0,8198,Pave,,Reg,Lvl
335,60,RL,59.0,9042,Pave,,IR1,Lvl
336,190,RL,,164660,Grvl,,IR1,HLS
337,20,RL,86.0,14157,Pave,,IR1,HLS
338,20,RL,70.0,9135,Pave,,Reg,Lvl
339,20,RL,91.0,14145,Pave,,Reg,Lvl
340,20,RL,66.0,12400,Pave,,IR1,Lvl
341,60,RL,85.0,14191,Pave,,Reg,Lvl
342,20,RH,60.0,8400,Pave,,Reg,Lvl
343,90,RL,,8544,Pave,,Reg,Lvl
344,120,RL,63.0,8849,Pave,,IR1,Lvl
345,160,RM,36.0,2592,Pave,,Reg,Lvl
346,50,RL,65.0,6435,Pave,,Reg,Lvl
347,20,RL,,12772,Pave,,IR1,Lvl
348,20,RL,,17600,Pave,,IR1,Lvl
349,160,RL,36.0,2448,Pave,,Reg,Lvl
350,60,RL,56.0,20431,Pave,,IR2,Lvl
351,120,RL,68.0,7820,Pave,,IR1,Lvl
352,120,RL,,5271,Pave,,IR1,Low
353,50,RL,60.0,9084,Pave,,Reg,Lvl
354,30,RM,60.0,8520,Pave,,Reg,Lvl
355,50,RL,60.0,8400,Pave,,Reg,Bnk
356,20,RL,105.0,11249,Pave,,IR2,Lvl
357,20,RL,,9248,Pave,,IR1,Lvl
358,120,RM,44.0,4224,Pave,,Reg,Lvl
359,80,RL,92.0,6930,Pave,,IR1,Lvl
360,60,RL,78.0,12011,Pave,,IR1,Lvl
361,85,RL,,7540,Pave,,IR1,Lvl
362,50,RL,,9144,Pave,Pave,Reg,Lvl
363,85,RL,64.0,7301,Pave,,Reg,Lvl
364,160,RM,21.0,1680,Pave,,Reg,Lvl
365,60,RL,,18800,Pave,,IR1,Lvl
366,70,RM,59.0,10690,Pave,,Reg,Lvl
367,20,RL,,9500,Pave,,IR1,Lvl
368,80,RL,101.0,9150,Pave,,IR1,Lvl
369,20,RL,78.0,7800,Pave,,Reg,Lvl
370,20,RL,,9830,Pave,,IR1,Lvl
371,60,RL,,8121,Pave,,IR1,Lvl
372,50,RL,80.0,17120,Pave,,Reg,Lvl
373,120,RL,50.0,7175,Pave,,Reg,Lvl
374,20,RL,79.0,10634,Pave,,Reg,Lvl
375,60,RL,65.0,8200,Pave,,Reg,Lvl
376,30,RL,,10020,Pave,,IR1,Low
377,85,RL,57.0,8846,Pave,,IR1,Lvl
378,60,FV,102.0,11143,Pave,,IR1,Lvl
379,20,RL,88.0,11394,Pave,,Reg,Lvl
380,60,RL,60.0,8123,Pave,,IR1,Lvl
381,50,RL,50.0,5000,Pave,Pave,Reg,Lvl
382,20,FV,60.0,7200,Pave,Pave,Reg,Lvl
383,60,RL,79.0,9245,Pave,,IR1,Lvl
384,45,RH,60.0,9000,Pave,,Reg,Lvl
385,60,RL,,53107,Pave,,IR2,Low
386,120,RL,43.0,3182,Pave,,Reg,Lvl
387,50,RL,58.0,8410,Pave,,Reg,Lvl
388,80,RL,72.0,7200,Pave,,Reg,Lvl
389,20,RL,93.0,9382,Pave,,IR1,Lvl
390,60,RL,96.0,12474,Pave,,Reg,Lvl
391,50,RL,50.0,8405,Pave,Grvl,Reg,Lvl
392,60,RL,71.0,12209,Pave,,IR1,Lvl
393,20,RL,,8339,Pave,,IR1,Lvl
394,30,RL,,7446,Pave,,Reg,Lvl
395,50,RL,60.0,10134,Pave,,Reg,Lvl
396,20,RL,68.0,9571,Pave,,Reg,Lvl
397,20,RL,60.0,7200,Pave,,Reg,Low
398,60,RL,69.0,7590,Pave,,Reg,Lvl
399,30,RM,60.0,8967,Pave,,Reg,Lvl
400,60,FV,65.0,8125,Pave,,Reg,Lvl
401,120,RL,38.0,14963,Pave,,IR2,Lvl
402,20,RL,65.0,8767,Pave,,IR1,Lvl
403,30,RL,60.0,10200,Pave,,Reg,Lvl
404,60,RL,93.0,12090,Pave,,Reg,Lvl
405,60,RL,,10364,Pave,,IR1,Lvl
406,20,RL,,9991,Pave,,IR1,Lvl
407,50,RL,51.0,10480,Pave,,Reg,Lvl
408,70,RL,63.0,15576,Pave,,Reg,Lvl
409,60,RL,109.0,14154,Pave,,Reg,Lvl
410,60,FV,85.0,10800,Pave,,Reg,Lvl
411,20,RL,68.0,9571,Pave,,Reg,Lvl
412,190,RL,100.0,34650,Pave,,Reg,Bnk
413,20,FV,,4403,Pave,,IR2,Lvl
414,30,RM,56.0,8960,Pave,Grvl,Reg,Lvl
415,60,RL,59.0,11228,Pave,,IR2,Lvl
416,20,RL,73.0,8899,Pave,,IR1,Lvl
417,60,RL,74.0,7844,Pave,,Reg,Lvl
418,70,RL,86.0,22420,Pave,,IR1,Lvl
419,50,RL,60.0,8160,Pave,,Reg,Lvl
420,20,RL,65.0,8450,Pave,,Reg,Lvl
421,90,RM,78.0,7060,Pave,,Reg,Lvl
422,20,RL,,16635,Pave,,IR1,Lvl
423,20,RL,100.0,21750,Pave,,Reg,HLS
424,60,RL,80.0,9200,Pave,,Reg,Lvl
425,20,RL,72.0,9000,Pave,,Reg,Lvl
426,60,RM,60.0,3378,Pave,Grvl,Reg,HLS
427,80,RL,,12800,Pave,,Reg,Low
428,20,RL,77.0,8593,Pave,,IR1,Lvl
429,20,RL,64.0,6762,Pave,,Reg,Lvl
430,20,RL,130.0,11457,Pave,,IR1,Lvl
431,160,RM,21.0,1680,Pave,,Reg,Lvl
432,50,RM,60.0,5586,Pave,,IR1,Bnk
433,160,RM,24.0,1920,Pave,,Reg,Lvl
434,60,RL,100.0,10839,Pave,,IR1,Lvl
435,180,RM,21.0,1890,Pave,,Reg,Lvl
436,60,RL,43.0,10667,Pave,,IR2,Lvl
437,50,RM,40.0,4400,Pave,,Reg,Lvl
438,45,RM,50.0,6000,Pave,,Reg,Lvl
439,30,RL,40.0,4280,Pave,,Reg,Lvl
440,50,RL,67.0,12354,Pave,Grvl,Reg,Lvl
441,20,RL,105.0,15431,Pave,,Reg,Lvl
442,90,RL,92.0,12108,Pave,,Reg,Lvl
443,50,RM,52.0,6240,Pave,,Reg,Lvl
444,120,RL,53.0,3922,Pave,,Reg,Lvl
445,60,RL,70.0,8750,Pave,,Reg,Lvl
446,20,RL,73.0,9855,Pave,,Reg,Lvl
447,20,RL,137.0,16492,Pave,,IR1,Lvl
448,60,RL,,11214,Pave,,IR1,Lvl
449,50,RM,50.0,8600,Pave,,Reg,Bnk
450,50,RM,50.0,6000,Pave,,Reg,Lvl
451,30,RM,70.0,5684,Pave,,Reg,Lvl
452,20,RL,62.0,70761,Pave,,IR1,Low
453,60,RL,,9303,Pave,,IR1,Lvl
454,60,FV,75.0,9000,Pave,,Reg,Lvl
455,90,RL,63.0,9297,Pave,,Reg,Lvl
456,20,RL,80.0,9600,Pave,,Reg,Lvl
457,70,RM,34.0,4571,Pave,Grvl,Reg,Lvl
458,20,RL,,53227,Pave,,IR1,Low
459,70,RM,,5100,Pave,Grvl,Reg,Lvl
460,50,RL,,7015,Pave,,IR1,Bnk
461,60,FV,75.0,8004,Pave,,IR1,Lvl
462,70,RL,60.0,7200,Pave,,Reg,Lvl
463,20,RL,60.0,8281,Pave,,IR1,Lvl
464,70,RL,74.0,11988,Pave,,IR1,HLS
465,20,RL,60.0,8430,Pave,,Reg,HLS
466,120,RM,,3072,Pave,,Reg,Lvl
467,20,RL,85.0,10628,Pave,,Reg,Lvl
468,70,RL,79.0,9480,Pave,,Reg,Lvl
469,20,RL,98.0,11428,Pave,,IR1,Lvl
470,60,RL,76.0,9291,Pave,,IR1,Lvl
471,120,RL,,6820,Pave,,IR1,Lvl
472,60,RL,92.0,11952,Pave,,Reg,Lvl
473,180,RM,35.0,3675,Pave,,Reg,Lvl
474,20,RL,110.0,14977,Pave,,IR1,Lvl
475,120,RL,41.0,5330,Pave,,Reg,Lvl
476,20,RL,80.0,8480,Pave,,Reg,Lvl
477,20,RL,75.0,13125,Pave,,Reg,Lvl
478,60,RL,105.0,13693,Pave,,Reg,Lvl
479,20,RL,79.0,10637,Pave,,Reg,Lvl
480,30,RM,50.0,5925,Pave,,Reg,Bnk
481,20,RL,98.0,16033,Pave,,IR1,Lvl
482,20,RL,72.0,11846,Pave,,IR1,HLS
483,70,RM,50.0,2500,Pave,Pave,Reg,Lvl
484,120,RM,32.0,4500,Pave,,Reg,Lvl
485,20,RL,,7758,Pave,,IR1,Lvl
486,20,RL,80.0,9600,Pave,,Reg,Lvl
487,20,RL,79.0,10289,Pave,,Reg,Lvl
488,20,RL,70.0,12243,Pave,,IR1,Lvl
489,190,RL,60.0,10800,Pave,,Reg,Lvl
490,180,RM,21.0,1526,Pave,,Reg,Lvl
491,160,RM,,2665,Pave,,Reg,Lvl
492,50,RL,79.0,9490,Pave,,Reg,Lvl
493,60,RL,105.0,15578,Pave,,IR1,Lvl
494,20,RL,70.0,7931,Pave,,Reg,Lvl
495,30,RM,50.0,5784,Pave,,Reg,Lvl
496,30,C (all),60.0,7879,Pave,,Reg,Lvl
497,20,RL,,12692,Pave,,IR1,Lvl
498,50,RL,60.0,9120,Pave,Pave,Reg,Lvl
499,20,RL,65.0,7800,Pave,,Reg,Lvl
500,20,RL,70.0,7535,Pave,,IR1,Lvl
501,160,RM,21.0,1890,Pave,,Reg,Lvl
502,60,FV,75.0,9803,Pave,,Reg,Lvl
503,20,RL,70.0,9170,Pave,,Reg,Lvl
504,20,RL,100.0,15602,Pave,,IR1,Lvl
505,160,RL,24.0,2308,Pave,,Reg,Lvl
506,90,RM,60.0,7596,Pave,Grvl,Reg,Lvl
507,60,RL,80.0,9554,Pave,,IR1,Lvl
508,20,FV,75.0,7862,Pave,,IR1,Lvl
509,70,RM,60.0,9600,Pave,,Reg,Lvl
510,20,RL,80.0,9600,Pave,,Reg,Lvl
511,20,RL,75.0,14559,Pave,,Reg,Lvl
512,120,RL,40.0,6792,Pave,,IR1,Lvl
513,20,RL,70.0,9100,Pave,,Reg,Lvl
514,20,RL,71.0,9187,Pave,,Reg,Bnk
515,45,RL,55.0,10594,Pave,,Reg,Lvl
516,20,RL,94.0,12220,Pave,,Reg,Lvl
517,80,RL,,10448,Pave,,IR1,Lvl
518,60,RL,79.0,10208,Pave,,IR1,Lvl
519,60,RL,,9531,Pave,,IR1,Lvl
520,70,RL,53.0,10918,Pave,,Reg,Lvl
521,190,RL,60.0,10800,Pave,Grvl,Reg,Lvl
522,20,RL,90.0,11988,Pave,,IR1,Lvl
523,50,RM,50.0,5000,Pave,,Reg,Lvl
524,60,RL,130.0,40094,Pave,,IR1,Bnk
525,60,RL,95.0,11787,Pave,,IR1,Lvl
526,20,FV,62.0,7500,Pave,Pave,Reg,Lvl
527,20,RL,70.0,13300,Pave,,Reg,Lvl
528,60,RL,67.0,14948,Pave,,IR1,Lvl
529,30,RL,58.0,9098,Pave,,IR1,Lvl
530,20,RL,,32668,Pave,,IR1,Lvl
531,80,RL,85.0,10200,Pave,,Reg,Lvl
532,70,RM,60.0,6155,Pave,,IR1,Lvl
533,20,RL,60.0,7200,Pave,,Reg,Lvl
534,20,RL,50.0,5000,Pave,,Reg,Low
535,60,RL,74.0,9056,Pave,,IR1,Lvl
536,190,RL,70.0,7000,Pave,,Reg,Lvl
537,60,RL,57.0,8924,Pave,,IR1,Lvl
538,20,RL,,12735,Pave,,IR1,Lvl
539,20,RL,,11553,Pave,,IR1,Lvl
540,20,RL,,11423,Pave,,Reg,Lvl
541,20,RL,85.0,14601,Pave,,Reg,Lvl
542,60,RL,,11000,Pave,,Reg,Lvl
543,20,RL,78.0,10140,Pave,,Reg,Lvl
544,120,RH,34.0,4058,Pave,,Reg,Lvl
545,60,RL,58.0,17104,Pave,,IR1,Lvl
546,50,RL,,13837,Pave,,IR1,Lvl
547,50,RL,70.0,8737,Pave,,IR1,Bnk
548,85,RL,54.0,7244,Pave,,Reg,Lvl
549,20,RM,49.0,8235,Pave,,IR1,HLS
550,60,FV,75.0,9375,Pave,,Reg,Lvl
551,120,RL,53.0,4043,Pave,,Reg,Lvl
552,20,RM,50.0,6000,Pave,,Reg,Lvl
553,20,RL,87.0,11146,Pave,,IR1,Lvl
554,20,RL,67.0,8777,Pave,,Reg,Lvl
555,60,RL,85.0,10625,Pave,,Reg,Lvl
556,45,RM,58.0,6380,Pave,,Reg,Lvl
557,20,RL,69.0,14850,Pave,,IR1,Lvl
558,50,C (all),60.0,11040,Pave,,Reg,Low
559,60,RL,57.0,21872,Pave,,IR2,HLS
560,120,RL,,3196,Pave,,Reg,Lvl
561,20,RL,,11341,Pave,,IR1,Lvl
562,20,RL,77.0,10010,Pave,,Reg,Lvl
563,30,RL,63.0,13907,Pave,,Reg,Lvl
564,50,RL,66.0,21780,Pave,,Reg,Lvl
565,60,RL,,13346,Pave,,IR1,Lvl
566,70,RL,66.0,6858,Pave,,Reg,Bnk
567,60,RL,77.0,11198,Pave,,IR1,Lvl
568,20,RL,70.0,10171,Pave,,IR1,Lvl
569,50,RL,79.0,12327,Pave,,IR1,Low
570,90,RL,,7032,Pave,,IR1,Lvl
571,90,RL,74.0,13101,Pave,,IR1,Lvl
572,20,RL,60.0,7332,Pave,,Reg,Lvl
573,60,RL,83.0,13159,Pave,,IR1,HLS
574,80,RL,76.0,9967,Pave,,IR1,Lvl
575,80,RL,70.0,10500,Pave,,Reg,Lvl
576,50,RL,80.0,8480,Pave,,Reg,Lvl
577,50,RL,52.0,6292,Pave,,Reg,Lvl
578,80,RL,96.0,11777,Pave,,IR1,Lvl
579,160,FV,34.0,3604,Pave,Pave,Reg,Lvl
580,50,RM,81.0,12150,Pave,Grvl,Reg,Lvl
581,20,RL,,14585,Pave,,IR1,Lvl
582,20,RL,98.0,12704,Pave,,Reg,Lvl
583,90,RL,81.0,11841,Grvl,,Reg,Lvl
584,75,RM,75.0,13500,Pave,,Reg,Lvl
585,50,RM,51.0,6120,Pave,,Reg,Lvl
586,20,RL,88.0,11443,Pave,,Reg,Lvl
587,30,RL,55.0,10267,Pave,,Reg,Lvl
588,85,RL,74.0,8740,Pave,,IR1,Lvl
589,20,RL,65.0,25095,Pave,,IR1,Low
590,40,RM,50.0,9100,Pave,,Reg,Lvl
591,60,RL,64.0,8320,Pave,,Reg,Lvl
592,60,RL,97.0,13478,Pave,,IR1,Lvl
593,20,RL,60.0,6600,Pave,,Reg,Lvl
594,120,RM,,4435,Pave,,Reg,Lvl
595,20,RL,88.0,7990,Pave,,IR1,Lvl
596,20,RL,69.0,11302,Pave,,IR1,Lvl
597,70,RM,60.0,3600,Pave,Grvl,Reg,Lvl
598,120,RL,53.0,3922,Pave,,Reg,Lvl
599,20,RL,80.0,12984,Pave,,Reg,Bnk
600,160,RM,24.0,1950,Pave,,Reg,Lvl
601,60,RL,74.0,10927,Pave,,Reg,Lvl
602,50,RM,50.0,9000,Pave,,Reg,Bnk
603,60,RL,80.0,10041,Pave,,IR1,Lvl
604,160,FV,30.0,3182,Pave,Pave,Reg,Lvl
605,20,RL,88.0,12803,Pave,,IR1,Lvl
606,60,RL,85.0,13600,Pave,,Reg,Lvl
607,20,RL,82.0,12464,Pave,,IR2,Low
608,20,RL,78.0,7800,Pave,,Reg,Bnk
609,70,RL,78.0,12168,Pave,,Reg,HLS
610,20,RL,61.0,7943,Pave,,Reg,Lvl
611,60,RL,,11050,Pave,,Reg,Lvl
612,80,RL,,10395,Pave,,IR1,Lvl
613,60,RL,,11885,Pave,,Reg,Lvl
614,20,RL,70.0,8402,Pave,,Reg,Lvl
615,180,RM,21.0,1491,Pave,,Reg,Lvl
616,85,RL,80.0,8800,Pave,,Reg,Lvl
617,60,RL,,7861,Pave,,IR1,Lvl
618,45,RL,59.0,7227,Pave,,Reg,HLS
619,20,RL,90.0,11694,Pave,,Reg,Lvl
620,60,RL,85.0,12244,Pave,,Reg,Lvl
621,30,RL,45.0,8248,Pave,Grvl,Reg,Lvl
622,60,RL,90.0,10800,Pave,,Reg,Lvl
623,20,RL,71.0,7064,Pave,,Reg,Lvl
624,160,FV,,2117,Pave,,Reg,Lvl
625,60,RL,80.0,10400,Pave,,Reg,Lvl
626,20,RL,87.0,10000,Pave,,IR1,Lvl
627,20,RL,,12342,Pave,,IR1,Lvl
628,80,RL,80.0,9600,Pave,,Reg,Lvl
629,60,RL,70.0,11606,Pave,,IR1,HLS
630,80,RL,82.0,9020,Pave,,Reg,Lvl
631,70,RM,50.0,9000,Pave,Grvl,Reg,Lvl
632,120,RL,34.0,4590,Pave,,Reg,Lvl
633,20,RL,85.0,11900,Pave,,Reg,Lvl
634,20,RL,80.0,9250,Pave,,Reg,Lvl
635,90,RL,64.0,6979,Pave,,Reg,Lvl
636,190,RH,60.0,10896,Pave,Pave,Reg,Bnk
637,30,RM,51.0,6120,Pave,,Reg,Lvl
638,190,RM,50.0,6000,Pave,,Reg,Lvl
639,30,RL,67.0,8777,Pave,,Reg,Lvl
640,120,RL,53.0,3982,Pave,,Reg,Lvl
641,120,RL,62.0,12677,Pave,,IR1,Lvl
642,60,FV,,7050,Pave,,Reg,Lvl
643,80,RL,75.0,13860,Pave,,Reg,Lvl
644,60,RL,80.0,10793,Pave,,Reg,Lvl
645,20,FV,85.0,9187,Pave,,Reg,Lvl
646,20,RL,,10530,Pave,,IR1,Lvl
647,20,RL,60.0,7200,Pave,,Reg,Lvl
648,20,RL,85.0,10452,Pave,,IR1,Lvl
649,60,RL,70.0,7700,Pave,,Reg,Lvl
650,180,RM,21.0,1936,Pave,,Reg,Lvl
651,60,FV,65.0,8125,Pave,,Reg,Lvl
652,70,RL,60.0,9084,Pave,,Reg,Lvl
653,60,RL,70.0,8750,Pave,,Reg,Lvl
654,50,RM,60.0,10320,Pave,Grvl,Reg,Lvl
655,20,RL,91.0,10437,Pave,,IR1,Lvl
656,160,RM,21.0,1680,Pave,,Reg,Lvl
657,20,RL,72.0,10007,Pave,,IR1,Lvl
658,70,RL,60.0,7200,Pave,,Reg,HLS
659,50,RL,78.0,17503,Pave,,Reg,Lvl
660,20,RL,75.0,9937,Pave,,Reg,Lvl
661,60,RL,,12384,Pave,,Reg,Lvl
662,60,RL,52.0,46589,Pave,,IR2,Lvl
663,20,RL,120.0,13560,Pave,,Reg,Lvl
664,85,RL,90.0,10012,Pave,,Reg,Lvl
665,20,RL,49.0,20896,Pave,,IR2,Lvl
666,60,RL,106.0,11194,Pave,,IR1,Lvl
667,60,RL,,18450,Pave,,IR1,Lvl
668,20,RL,65.0,8125,Pave,,Reg,Lvl
669,20,RL,,14175,Pave,,Reg,Bnk
670,30,RL,80.0,11600,Pave,,Reg,Lvl
671,60,RL,64.0,8633,Pave,,Reg,Lvl
672,70,RH,54.0,6629,Pave,,Reg,Lvl
673,20,RL,,11250,Pave,,IR1,Lvl
674,20,RL,110.0,14442,Pave,,Reg,Lvl
675,20,RL,80.0,9200,Pave,,Reg,Lvl
676,160,RL,24.0,2289,Pave,,Reg,Lvl
677,70,RM,60.0,9600,Pave,Grvl,Reg,Lvl
678,30,RL,52.0,9022,Pave,,Reg,Lvl
679,20,RL,80.0,11844,Pave,,IR1,Lvl
680,20,RL,,9945,Pave,,IR1,Lvl
681,120,RL,50.0,8012,Pave,,Reg,Lvl
682,50,RH,55.0,4500,Pave,Pave,IR2,Bnk
683,120,RL,,2887,Pave,,Reg,HLS
684,20,RL,90.0,11248,Pave,,IR1,Lvl
685,60,RL,58.0,16770,Pave,,IR2,Lvl
686,160,RL,,5062,Pave,,IR1,Lvl
687,60,FV,84.0,10207,Pave,,Reg,Lvl
688,160,FV,,5105,Pave,,IR2,Lvl
689,20,RL,60.0,8089,Pave,,Reg,HLS
690,120,RL,61.0,7577,Pave,,IR1,Lvl
691,120,RM,,4426,Pave,,Reg,Lvl
692,60,RL,104.0,21535,Pave,,IR1,Lvl
693,60,RL,42.0,26178,Pave,,IR1,Lvl
694,30,RL,60.0,5400,Pave,,Reg,Lvl
695,50,RM,51.0,6120,Pave,,Reg,Lvl
696,20,RL,54.0,13811,Pave,,IR1,Lvl
697,30,RM,50.0,6000,Pave,,Reg,Lvl
698,20,RL,57.0,6420,Pave,,IR1,Lvl
699,20,RL,65.0,8450,Pave,,Reg,Lvl
700,120,FV,59.0,4282,Pave,Pave,IR2,Lvl
701,20,RL,85.0,14331,Pave,,Reg,Lvl
702,20,RL,80.0,9600,Pave,,Reg,Lvl
703,60,RL,82.0,12438,Pave,,IR1,Lvl
704,190,RM,76.0,7630,Pave,,Reg,Lvl
705,20,RL,70.0,8400,Pave,,Reg,Lvl
706,190,RM,70.0,5600,Pave,,Reg,Lvl
707,20,RL,,115149,Pave,,IR2,Low
708,120,RL,48.0,6240,Pave,,Reg,Lvl
709,60,RL,65.0,9018,Pave,,IR1,Lvl
710,20,RL,,7162,Pave,,IR1,Lvl
711,30,RL,56.0,4130,Pave,,IR1,Lvl
712,50,C (all),66.0,8712,Pave,Pave,Reg,HLS
713,120,RL,40.0,4671,Pave,,IR1,HLS
714,190,RL,60.0,9873,Pave,,Reg,Lvl
715,60,RL,,13517,Pave,,IR1,Lvl
716,20,RL,78.0,10140,Pave,,Reg,Lvl
717,70,RM,60.0,10800,Pave,Grvl,Reg,Bnk
718,20,RL,80.0,10000,Pave,,Reg,Lvl
719,60,RL,96.0,10542,Pave,,Reg,Lvl
720,20,RL,69.0,9920,Pave,,IR1,Lvl
721,120,RL,,6563,Pave,,IR1,Low
722,120,RM,,4426,Pave,,Reg,Lvl
723,20,RL,70.0,8120,Pave,,Reg,Lvl
724,50,RL,60.0,8172,Pave,,Reg,Lvl
725,20,RL,86.0,13286,Pave,,IR1,Lvl
726,20,RL,60.0,6960,Pave,,Reg,Lvl
727,20,RL,,21695,Pave,,IR1,Lvl
728,20,RL,64.0,7314,Pave,,Reg,Lvl
729,90,RL,85.0,11475,Pave,,Reg,Lvl
730,30,RM,52.0,6240,Pave,Grvl,Reg,Lvl
731,120,RL,39.0,5389,Pave,,IR1,Lvl
732,80,RL,73.0,9590,Pave,,IR1,Lvl
733,60,RL,75.0,11404,Pave,,IR1,Lvl
734,20,RL,80.0,10000,Pave,,Reg,Lvl
735,20,RL,,8978,Pave,,IR1,Lvl
736,75,RM,60.0,10800,Pave,,Reg,Lvl
737,90,RL,60.0,8544,Pave,,Reg,Lvl
738,60,RL,72.0,10463,Pave,,IR1,HLS
739,90,RL,60.0,10800,Pave,,Reg,Lvl
740,60,RL,65.0,9313,Pave,,IR1,Lvl
741,70,RM,60.0,9600,Pave,Grvl,Reg,Lvl
742,20,RL,65.0,6768,Pave,,IR1,Lvl
743,20,RL,65.0,8450,Pave,,Reg,Lvl
744,80,RL,70.0,12886,Pave,,IR1,Lvl
745,120,RL,41.0,5395,Pave,,IR1,HLS
746,60,RL,,8963,Pave,,IR1,Lvl
747,60,RL,,8795,Pave,,IR1,Lvl
748,70,RM,65.0,11700,Pave,Pave,IR1,Lvl
749,20,RL,59.0,10593,Pave,,IR1,Lvl
750,50,RL,50.0,8405,Pave,,Reg,Lvl
751,50,RM,55.0,8800,Pave,Grvl,Reg,Lvl
752,60,RL,,7750,Pave,,Reg,Lvl
753,20,RL,79.0,9236,Pave,,IR1,Lvl
754,60,RL,80.0,10240,Pave,,Reg,Lvl
755,20,RL,61.0,7930,Pave,,Reg,Lvl
756,160,FV,34.0,3230,Pave,Pave,Reg,Lvl
757,60,RL,68.0,10769,Pave,,IR1,Lvl
758,60,RL,,11616,Pave,,IR1,Lvl
759,160,FV,24.0,2280,Pave,Pave,Reg,Lvl
760,60,RL,65.0,12257,Pave,,IR1,Lvl
761,20,RL,70.0,9100,Pave,,Reg,Lvl
762,30,RM,60.0,6911,Pave,,Reg,Lvl
763,60,FV,72.0,8640,Pave,,Reg,Lvl
764,60,RL,82.0,9430,Pave,,Reg,Lvl
765,120,RL,30.0,9549,Pave,,IR1,Lvl
766,20,RL,75.0,14587,Pave,,IR1,Lvl
767,60,RL,80.0,10421,Pave,,Reg,Lvl
768,50,RL,75.0,12508,Pave,,IR1,Lvl
769,20,RL,70.0,9100,Pave,,Reg,Lvl
770,60,RL,47.0,53504,Pave,,IR2,HLS
771,85,RL,,7252,Pave,,IR1,Lvl
772,20,RL,67.0,8877,Pave,,Reg,Lvl
773,80,RL,94.0,7819,Pave,,Reg,Lvl
774,20,RL,70.0,10150,Pave,,Reg,Lvl
775,20,RL,110.0,14226,Pave,,Reg,Lvl
776,120,RM,32.0,4500,Pave,,Reg,Lvl
777,20,RL,86.0,11210,Pave,,IR1,Lvl
778,20,RL,100.0,13350,Pave,,IR1,Lvl
779,90,RH,60.0,8400,Pave,,Reg,Lvl
780,90,RL,78.0,10530,Pave,,Reg,Lvl
781,20,RL,63.0,7875,Pave,,Reg,Lvl
782,60,RL,65.0,7153,Pave,,Reg,Lvl
783,20,RL,67.0,16285,Pave,,IR2,Lvl
784,85,RL,,9101,Pave,,IR1,Lvl
785,75,RM,35.0,6300,Pave,Grvl,Reg,Lvl
786,20,RL,,9790,Pave,,Reg,Lvl
787,50,RM,60.0,10800,Pave,,Reg,Lvl
788,60,RL,76.0,10142,Pave,,IR1,Lvl
789,20,RM,50.0,6000,Pave,,Reg,Lvl
790,60,RL,,12205,Pave,,IR1,Low
791,120,RL,43.0,3182,Pave,,Reg,Lvl
792,80,RL,,11333,Pave,,IR1,Lvl
793,60,RL,92.0,9920,Pave,,IR1,Lvl
794,20,RL,76.0,9158,Pave,,Reg,Lvl
795,60,RL,,10832,Pave,,IR1,Lvl
796,60,RL,70.0,8400,Pave,,Reg,Lvl
797,20,RL,71.0,8197,Pave,,Reg,Lvl
798,20,RL,57.0,7677,Pave,,Reg,Lvl
799,60,RL,104.0,13518,Pave,,Reg,Lvl
800,50,RL,60.0,7200,Pave,,Reg,Lvl
801,60,RL,79.0,12798,Pave,,IR1,HLS
802,30,RM,40.0,4800,Pave,,Reg,Lvl
803,60,RL,63.0,8199,Pave,,Reg,Lvl
804,60,RL,107.0,13891,Pave,,Reg,Lvl
805,20,RL,75.0,9000,Pave,,Reg,Lvl
806,20,RL,91.0,12274,Pave,,IR1,Lvl
807,80,RL,75.0,9750,Pave,,Reg,Lvl
808,70,RL,144.0,21384,Pave,,Reg,Lvl
809,80,RL,85.0,13400,Pave,,Reg,Lvl
810,75,RM,90.0,8100,Pave,,Reg,Lvl
811,20,RL,78.0,10140,Pave,,Reg,Lvl
812,120,RM,,4438,Pave,,Reg,Lvl
813,20,C (all),66.0,8712,Grvl,,Reg,Bnk
814,20,RL,75.0,9750,Pave,,Reg,Lvl
815,50,RL,45.0,8248,Pave,Grvl,Reg,Lvl
816,20,RL,48.0,12137,Pave,,IR2,Lvl
817,20,RL,,11425,Pave,,IR1,Lvl
818,20,RL,,13265,Pave,,IR1,Lvl
819,80,RL,80.0,8816,Pave,,Reg,Lvl
820,120,RL,44.0,6371,Pave,,IR1,Lvl
821,60,RL,72.0,7226,Pave,,IR1,Lvl
822,20,RM,60.0,6000,Pave,Pave,Reg,Bnk
823,60,RL,,12394,Pave,,IR1,Lvl
824,50,RL,60.0,9900,Pave,,Reg,Lvl
825,20,FV,81.0,11216,Pave,,Reg,Lvl
826,20,RL,114.0,14803,Pave,,Reg,Lvl
827,45,RM,50.0,6130,Pave,,Reg,Lvl
828,20,RL,65.0,8529,Pave,,IR1,Lvl
829,60,RL,,28698,Pave,,IR2,Low
830,160,FV,24.0,2544,Pave,Pave,Reg,Lvl
831,20,RL,80.0,11900,Pave,,IR1,Lvl
832,160,FV,30.0,3180,Pave,Pave,Reg,Lvl
833,60,RL,44.0,9548,Pave,,IR1,Lvl
834,20,RL,100.0,10004,Pave,,Reg,Lvl
835,20,RL,75.0,7875,Pave,,Reg,Lvl
836,20,RL,60.0,9600,Pave,,Reg,Lvl
837,30,RM,90.0,8100,Pave,Pave,Reg,Lvl
838,160,RM,21.0,1680,Pave,,Reg,Lvl
839,20,RL,75.0,9525,Pave,,Reg,Lvl
840,50,RL,70.0,11767,Pave,,Reg,Lvl
841,70,RH,,12155,Pave,,IR1,Lvl
842,70,RM,60.0,10440,Pave,Grvl,Reg,Lvl
843,80,RL,82.0,9020,Pave,,Reg,Lvl
844,90,RL,80.0,8000,Pave,,Reg,Lvl
845,50,RM,100.0,12665,Pave,Grvl,IR1,Lvl
846,85,RL,,16647,Pave,,IR1,Lvl
847,60,RL,75.0,9317,Pave,,Reg,Lvl
848,20,RL,36.0,15523,Pave,,IR1,Lvl
849,50,RL,75.0,45600,Pave,,IR2,Bnk
850,80,RL,80.0,9600,Pave,,Reg,Lvl
851,120,RM,36.0,4435,Pave,,Reg,Lvl
852,120,RL,,3196,Pave,,Reg,Lvl
853,75,RL,53.0,7128,Pave,,Reg,Lvl
854,80,RL,,12095,Pave,,IR1,Lvl
855,20,RL,102.0,17920,Pave,,Reg,Lvl
856,20,RL,,6897,Pave,,IR1,Lvl
857,80,RL,,10970,Pave,,IR1,Low
858,60,RL,65.0,8125,Pave,,Reg,Lvl
859,20,RL,80.0,10400,Pave,,Reg,Lvl
860,60,RL,,11029,Pave,,IR1,Lvl
861,50,RL,55.0,7642,Pave,,Reg,Lvl
862,190,RL,75.0,11625,Pave,,Reg,Lvl
863,20,RL,81.0,9672,Pave,,Reg,Lvl
864,20,RL,70.0,7931,Pave,,Reg,Lvl
865,20,FV,72.0,8640,Pave,,Reg,Lvl
866,20,RL,,8750,Pave,,IR1,Lvl
867,20,RL,67.0,10656,Pave,,IR1,HLS
868,20,RL,85.0,6970,Pave,,Reg,Lvl
869,60,RL,,14762,Pave,,IR2,Lvl
870,60,RL,80.0,9938,Pave,,Reg,Lvl
871,20,RL,60.0,6600,Pave,,Reg,Lvl
872,60,RL,70.0,8750,Pave,,Reg,Lvl
873,20,RL,74.0,8892,Pave,,Reg,Lvl
874,40,RL,60.0,12144,Pave,,Reg,Lvl
875,50,RM,52.0,5720,Pave,,Reg,Lvl
876,60,FV,75.0,9000,Pave,,Reg,Lvl
877,20,RL,94.0,25286,Pave,,Reg,HLS
878,60,RL,74.0,8834,Pave,,Reg,Lvl
879,85,RL,88.0,11782,Pave,,IR1,Lvl
880,20,RL,,7000,Pave,,IR1,Lvl
881,20,RL,60.0,7024,Pave,,Reg,Lvl
882,50,RL,44.0,13758,Pave,,IR1,Lvl
883,60,RL,,9636,Pave,,IR1,Lvl
884,75,RL,60.0,6204,Pave,,Reg,Bnk
885,20,RL,65.0,7150,Pave,,Reg,Lvl
886,120,FV,50.0,5119,Pave,,IR1,Lvl
887,90,RL,70.0,8393,Pave,,Reg,Lvl
888,50,RL,59.0,16466,Pave,,IR1,Lvl
889,20,RL,95.0,15865,Pave,,IR1,Lvl
890,20,RL,128.0,12160,Pave,,Reg,Lvl
891,50,RL,60.0,8064,Pave,,Reg,Lvl
892,60,RL,70.0,11184,Pave,,Reg,Lvl
893,20,RL,70.0,8414,Pave,,Reg,Lvl
894,20,RL,,13284,Pave,,Reg,Lvl
895,90,RL,64.0,7018,Pave,,Reg,Bnk
896,60,RL,71.0,7056,Pave,,Reg,Lvl
897,30,RM,50.0,8765,Pave,Grvl,Reg,Lvl
898,90,RL,64.0,7018,Pave,,Reg,Lvl
899,20,RL,100.0,12919,Pave,,IR1,Lvl
900,20,RL,65.0,6993,Pave,,Reg,Lvl
901,20,RL,,7340,Pave,,IR1,Lvl
902,20,RL,64.0,8712,Pave,,IR1,Lvl
903,60,RL,63.0,7875,Pave,,Reg,Lvl
904,20,RL,50.0,14859,Pave,,IR1,HLS
905,20,RL,,6173,Pave,,IR1,Lvl
906,20,RL,80.0,9920,Pave,,Reg,Lvl
907,20,RL,116.0,13501,Pave,,IR1,Lvl
908,50,RL,86.0,11500,Pave,,IR1,Lvl
909,20,RL,,8885,Pave,,IR1,Low
910,60,RL,149.0,12589,Pave,,IR2,Lvl
911,90,RL,80.0,11600,Pave,,Reg,Lvl
912,20,RL,,9286,Pave,,IR1,Lvl
913,30,RM,51.0,6120,Pave,,Reg,Lvl
914,90,RH,82.0,6270,Pave,,Reg,HLS
915,160,FV,30.0,3000,Pave,Pave,Reg,Lvl
916,160,RM,21.0,2001,Pave,,Reg,Lvl
917,20,C (all),50.0,9000,Pave,,Reg,Lvl
918,20,RL,,17140,Pave,,Reg,Lvl
919,60,RL,103.0,13125,Pave,,IR1,Lvl
920,20,RL,87.0,11029,Pave,,IR1,Lvl
921,60,RL,70.0,8462,Pave,,IR1,Lvl
922,90,RL,67.0,8777,Pave,,Reg,Lvl
923,20,RL,65.0,10237,Pave,,Reg,Lvl
924,120,RL,50.0,8012,Pave,,Reg,Lvl
925,20,RL,79.0,10240,Pave,,Reg,Lvl
926,20,RL,,15611,Pave,,IR1,Lvl
927,60,RL,93.0,11999,Pave,,Reg,Lvl
928,60,RL,,9900,Pave,,Reg,Lvl
929,20,RL,,11838,Pave,,Reg,Lvl
930,60,RL,,13006,Pave,,IR1,Lvl
931,20,RL,73.0,8925,Pave,,IR1,HLS
932,20,RL,70.0,9100,Pave,,Reg,Lvl
933,20,RL,84.0,11670,Pave,,IR1,Lvl
934,20,RL,63.0,8487,Pave,,Reg,Lvl
935,20,RL,313.0,27650,Pave,,IR2,HLS
936,30,RL,52.0,5825,Pave,,IR1,Lvl
937,20,RL,67.0,10083,Pave,,Reg,Lvl
938,60,RL,75.0,9675,Pave,,Reg,Lvl
939,60,RL,73.0,8760,Pave,,Reg,Lvl
940,70,RL,,24090,Pave,,Reg,Lvl
941,90,RL,55.0,12640,Pave,,IR1,Lvl
942,60,RL,,8755,Pave,,IR1,Lvl
943,90,RL,42.0,7711,Pave,,IR1,Lvl
944,90,RL,100.0,25000,Pave,,Reg,Low
945,20,RL,,14375,Pave,,IR1,Lvl
946,50,RM,98.0,8820,Pave,,Reg,Lvl
947,80,RL,70.0,8163,Pave,,Reg,Lvl
948,20,RL,85.0,14536,Pave,,Reg,Lvl
949,60,RL,65.0,14006,Pave,,IR1,Lvl
950,20,RL,78.0,9360,Pave,,Reg,Lvl
951,20,RL,60.0,7200,Pave,,Reg,Lvl
952,20,RH,60.0,7800,Pave,,Reg,Lvl
953,85,RL,60.0,7200,Pave,,Reg,Lvl
954,60,RL,,11075,Pave,,IR1,Lvl
955,90,RL,35.0,9400,Pave,,IR1,Lvl
956,90,RH,82.0,7136,Pave,,IR1,HLS
957,160,RM,24.0,1300,Pave,,Reg,Lvl
958,20,RL,70.0,7420,Pave,,Reg,Lvl
959,20,RL,65.0,8450,Pave,,Reg,Lvl
960,160,FV,24.0,2572,Pave,,Reg,Lvl
961,20,RL,50.0,7207,Pave,,IR1,Lvl
962,60,RL,,12227,Pave,,IR1,Lvl
963,160,RL,24.0,2308,Pave,,Reg,Lvl
964,20,RL,122.0,11923,Pave,,IR1,Lvl
965,60,RL,80.0,11316,Pave,,Reg,Lvl
966,60,RL,65.0,10237,Pave,,Reg,Lvl
967,50,RL,130.0,9600,Pave,,IR1,HLS
968,20,RL,,7390,Pave,,IR1,Lvl
969,50,RM,50.0,5925,Pave,,Reg,Lvl
970,190,RL,75.0,10382,Pave,,Reg,Lvl
971,50,RL,60.0,10800,Pave,,Reg,Lvl
972,160,RL,36.0,2268,Pave,,Reg,Lvl
973,120,RL,55.0,7892,Pave,,Reg,Lvl
974,20,FV,95.0,11639,Pave,,Reg,Lvl
975,70,RL,60.0,11414,Pave,,IR1,Lvl
976,160,FV,,2651,Pave,,Reg,Lvl
977,30,RL,51.0,5900,Pave,,IR1,Bnk
978,120,FV,35.0,4274,Pave,Pave,IR1,Lvl
979,20,RL,68.0,9450,Pave,,Reg,Bnk
980,20,RL,80.0,8816,Pave,,Reg,Lvl
981,85,RL,,12122,Pave,,IR1,Lvl
982,60,RL,98.0,12203,Pave,,IR1,Lvl
983,20,RL,43.0,3182,Pave,,Reg,Lvl
984,60,RL,,11250,Pave,,Reg,Lvl
985,90,RL,75.0,10125,Pave,,Reg,Lvl
986,190,RL,68.0,10880,Pave,,Reg,Lvl
987,50,RM,59.0,5310,Pave,,Reg,Lvl
988,20,RL,83.0,10159,Pave,,IR1,Lvl
989,60,RL,,12046,Pave,,IR1,Lvl
990,60,FV,65.0,8125,Pave,,Reg,Lvl
991,60,RL,82.0,9452,Pave,,Reg,Lvl
992,70,RM,121.0,17671,Pave,Grvl,Reg,Lvl
993,60,RL,80.0,9760,Pave,,Reg,Lvl
994,60,RL,68.0,8846,Pave,,Reg,Lvl
995,20,RL,96.0,12456,Pave,,Reg,Lvl
996,50,RL,51.0,4712,Pave,,IR1,Lvl
997,20,RL,,10659,Pave,,IR1,Lvl
998,20,RL,,11717,Pave,,IR1,Lvl
999,30,RM,60.0,9786,Pave,,Reg,Lvl
1000,20,RL,64.0,6762,Pave,,Reg,Lvl
1001,20,RL,74.0,10206,Pave,,Reg,Lvl
1002,30,RL,60.0,5400,Pave,,Reg,Lvl
1003,20,RL,75.0,11957,Pave,,IR1,Lvl
1004,90,RL,,11500,Pave,,IR1,Lvl
1005,120,RL,43.0,3182,Pave,,Reg,Lvl
1006,80,RL,65.0,8385,Pave,,Reg,Lvl
1007,20,RL,,12155,Pave,,IR3,Lvl
1008,160,RM,21.0,2217,Pave,,Reg,Lvl
1009,20,RL,43.0,12118,Pave,,IR1,Lvl
1010,50,RL,60.0,6000,Pave,,Reg,Lvl
1011,50,RL,115.0,21286,Pave,,Reg,Lvl
1012,90,RL,75.0,9825,Pave,,Reg,Lvl
1013,70,RL,55.0,10592,Pave,,Reg,Lvl
1014,30,RM,60.0,7200,Pave,,Reg,Lvl
1015,20,RL,60.0,11664,Pave,,Reg,Lvl
1016,60,RL,70.0,8400,Pave,,Reg,Lvl
1017,20,RL,73.0,11883,Pave,,Reg,Lvl
1018,120,RL,,5814,Pave,,IR1,Lvl
1019,80,RL,,10784,Pave,,IR1,Lvl
1020,120,RL,43.0,3013,Pave,,Reg,Lvl
1021,20,RL,60.0,7024,Pave,,Reg,Lvl
1022,20,RL,64.0,7406,Pave,,Reg,Lvl
1023,50,RM,52.0,9439,Pave,,Reg,Lvl
1024,120,RL,43.0,3182,Pave,,Reg,Lvl
1025,20,RL,,15498,Pave,,IR1,Lvl
1026,20,RL,70.0,7700,Pave,,Reg,Lvl
1027,20,RL,73.0,9300,Pave,,Reg,Lvl
1028,20,RL,71.0,9520,Pave,,IR1,HLS
1029,50,RL,79.0,9492,Pave,,Reg,Lvl
1030,160,RM,21.0,1680,Pave,,Reg,Lvl
1031,190,RH,,7082,Pave,,Reg,Lvl
1032,75,RL,102.0,15863,Pave,,Reg,Lvl
1033,60,RL,,14541,Pave,,IR1,Lvl
1034,20,RL,,8125,Pave,,Reg,Lvl
1035,30,RL,50.0,6305,Pave,,Reg,Bnk
1036,20,RL,,11500,Pave,,IR1,Lvl
1037,20,RL,89.0,12898,Pave,,IR1,HLS
1038,60,RL,,9240,Pave,,Reg,Lvl
1039,160,RM,21.0,1533,Pave,,Reg,Lvl
1040,180,RM,21.0,1477,Pave,,Reg,Lvl
1041,20,RL,88.0,13125,Pave,,Reg,Lvl
1042,60,RL,,9130,Pave,,Reg,Lvl
1043,120,RL,34.0,5381,Pave,,IR1,Lvl
1044,60,RL,86.0,11839,Pave,,Reg,Lvl
1045,20,RL,80.0,9600,Pave,,Reg,Lvl
1046,20,RL,,13680,Pave,,IR1,Lvl
1047,60,RL,85.0,16056,Pave,,IR1,Lvl
1048,20,RL,57.0,9245,Pave,,IR2,Lvl
1049,20,RL,100.0,21750,Pave,,Reg,Lvl
1050,20,RL,60.0,11100,Pave,,Reg,Low
1051,20,RL,73.0,8993,Pave,,IR1,Lvl
1052,20,RL,103.0,11175,Pave,,IR1,Lvl
1053,60,RL,100.0,9500,Pave,,Reg,Lvl
1054,20,RL,68.0,8562,Pave,,Reg,Lvl
1055,60,RL,90.0,11367,Pave,,Reg,Lvl
1056,20,RL,104.0,11361,Pave,,Reg,Lvl
1057,120,RL,43.0,7052,Pave,,IR1,Lvl
1058,60,RL,,29959,Pave,,IR2,Lvl
1059,60,RL,96.0,11308,Pave,,IR1,Lvl
1060,50,RL,,11275,Pave,,IR1,HLS
1061,120,RL,41.0,4920,Pave,,Reg,Lvl
1062,30,C (all),120.0,18000,Grvl,,Reg,Low
1063,190,RM,85.0,13600,Pave,Grvl,Reg,Lvl
1064,30,RM,50.0,6000,Pave,,Reg,Lvl
1065,20,RL,,11000,Pave,,IR1,Lvl
1066,60,RL,80.0,14000,Pave,,Reg,Lvl
1067,60,RL,59.0,7837,Pave,,IR1,Lvl
1068,60,RL,80.0,9760,Pave,,Reg,Lvl
1069,160,RM,42.0,3964,Pave,,Reg,Lvl
1070,45,RL,60.0,9600,Pave,,Reg,Lvl
1071,20,RL,72.0,10152,Pave,,Reg,Lvl
1072,60,RL,78.0,11700,Pave,,Reg,Lvl
1073,50,RL,50.0,7585,Pave,,Reg,Lvl
1074,60,RL,75.0,7950,Pave,,IR1,Bnk
1075,20,RL,74.0,8556,Pave,,Reg,Lvl
1076,70,RL,75.0,13125,Pave,,Reg,Lvl
1077,50,RL,60.0,10800,Pave,Grvl,Reg,Lvl
1078,20,RL,,15870,Pave,,IR1,Lvl
1079,120,RM,37.0,4435,Pave,,Reg,Lvl
1080,20,RL,65.0,8775,Pave,,Reg,Lvl
1081,20,RL,80.0,11040,Pave,,Reg,Lvl
1082,20,RL,75.0,7500,Pave,,Reg,Lvl
1083,20,RL,70.0,8749,Pave,,Reg,Lvl
1084,20,RL,80.0,8800,Pave,,Reg,Lvl
1085,60,RL,,13031,Pave,,IR2,Lvl
1086,85,RL,73.0,9069,Pave,,Reg,Lvl
1087,160,RM,,1974,Pave,,Reg,Lvl
1088,60,FV,85.0,10574,Pave,,Reg,Lvl
1089,160,RM,24.0,2522,Pave,,Reg,Lvl
1090,120,FV,37.0,3316,Pave,Pave,IR1,Lvl
1091,90,RL,60.0,8544,Pave,,Reg,Lvl
1092,160,FV,24.0,2160,Pave,Pave,Reg,Lvl
1093,50,RL,60.0,8400,Pave,,Reg,Bnk
1094,20,RL,71.0,9230,Pave,,Reg,Lvl
1095,20,RL,74.0,5868,Pave,,Reg,Lvl
1096,20,RL,78.0,9317,Pave,,IR1,Lvl
1097,70,RM,60.0,6882,Pave,,Reg,Lvl
1098,120,RL,,3696,Pave,,Reg,Lvl
1099,50,RM,50.0,6000,Pave,,Reg,Lvl
1100,20,RL,82.0,11880,Pave,,IR1,Lvl
1101,30,RL,60.0,8400,Pave,,Reg,Bnk
1102,20,RL,61.0,9758,Pave,,IR1,Lvl
1103,20,RL,70.0,7000,Pave,,Reg,Lvl
1104,20,RL,79.0,8910,Pave,,Reg,Lvl
1105,160,RM,24.0,2016,Pave,,Reg,Lvl
1106,60,RL,98.0,12256,Pave,,IR1,Lvl
1107,20,RL,114.0,10357,Pave,,IR1,Lvl
1108,60,RL,168.0,23257,Pave,,IR3,HLS
1109,60,RL,,8063,Pave,,Reg,Lvl
1110,20,RL,107.0,11362,Pave,,IR1,Lvl
1111,60,RL,,8000,Pave,,Reg,Lvl
1112,60,RL,80.0,10480,Pave,,Reg,Lvl
1113,20,RL,73.0,7100,Pave,,IR1,Lvl
1114,20,RL,66.0,8923,Pave,,Reg,Lvl
1115,20,RL,90.0,5400,Pave,,Reg,Lvl
1116,20,RL,93.0,12085,Pave,,Reg,Lvl
1117,80,RL,,7750,Pave,,Reg,Lvl
1118,20,RL,57.0,9764,Pave,,IR1,Lvl
1119,80,RL,85.0,13825,Pave,,Reg,Lvl
1120,20,RL,70.0,7560,Pave,,Reg,Lvl
1121,30,RM,59.0,8263,Pave,,Reg,Bnk
1122,20,RL,84.0,10084,Pave,,Reg,Lvl
1123,20,RL,,8926,Pave,,IR1,Lvl
1124,20,RL,50.0,9405,Pave,,Reg,Lvl
1125,80,RL,,9125,Pave,,IR1,Lvl
1126,20,RL,60.0,10434,Pave,,Reg,Lvl
1127,120,RL,53.0,3684,Pave,,Reg,Lvl
1128,20,RL,182.0,14572,Pave,,IR3,Lvl
1129,60,RL,59.0,11796,Pave,,IR1,Lvl
1130,90,RM,60.0,7200,Pave,Grvl,Reg,Lvl
1131,50,RL,65.0,7804,Pave,,Reg,Lvl
1132,20,RL,63.0,10712,Pave,,Reg,Lvl
1133,70,RM,90.0,9900,Pave,,Reg,Lvl
1134,60,RL,80.0,9828,Pave,,IR1,Lvl
1135,60,RL,57.0,8773,Pave,,IR1,HLS
1136,30,RM,60.0,6180,Pave,,Reg,Lvl
1137,50,RL,80.0,9600,Pave,,Reg,Lvl
1138,50,RL,54.0,6342,Pave,,Reg,Lvl
1139,20,RL,,9819,Pave,,IR1,Lvl
1140,30,RL,98.0,8731,Pave,,IR1,Lvl
1141,20,RL,60.0,7350,Pave,,Reg,Lvl
1142,60,RL,,10304,Pave,,IR1,Lvl
1143,60,RL,77.0,9965,Pave,,Reg,Lvl
1144,20,RL,,9000,Pave,,Reg,Lvl
1145,190,RL,60.0,12180,Pave,,Reg,Lvl
1146,50,RM,52.0,6240,Pave,,Reg,Lvl
1147,20,RL,,11200,Pave,,Reg,Lvl
1148,70,RL,75.0,12000,Pave,,Reg,Bnk
1149,50,RM,,5700,Pave,,Reg,Lvl
1150,70,RM,50.0,9000,Pave,,Reg,Lvl
1151,20,RL,57.0,8280,Pave,,IR1,Lvl
1152,20,RL,134.0,17755,Pave,,Reg,Lvl
1153,20,RL,90.0,14115,Pave,,IR1,Lvl
1154,30,RM,,5890,Pave,,Reg,Lvl
1155,60,RL,,13700,Pave,,IR1,Lvl
1156,20,RL,90.0,10768,Pave,,IR1,Lvl
1157,80,RL,85.0,9350,Pave,,Reg,Lvl
1158,120,RL,34.0,5001,Pave,,IR1,Lvl
1159,20,RL,92.0,11932,Pave,,Reg,Lvl
1160,60,RL,76.0,9120,Pave,,Reg,Lvl
1161,160,RL,24.0,2280,Pave,,Reg,Lvl
1162,20,RL,,14778,Pave,,IR1,Low
1163,20,RL,109.0,8724,Pave,,Reg,Lvl
1164,90,RL,60.0,12900,Pave,,Reg,Lvl
1165,80,RL,,16157,Pave,,IR1,Lvl
1166,20,RL,79.0,9541,Pave,,IR1,Lvl
1167,20,RL,64.0,10475,Pave,,IR1,Lvl
1168,60,RL,58.0,10852,Pave,,IR1,Lvl
1169,70,RL,120.0,13728,Pave,,Reg,Lvl
1170,60,RL,118.0,35760,Pave,,IR1,Lvl
1171,80,RL,76.0,9880,Pave,,Reg,Lvl
1172,20,RL,76.0,9120,Pave,,Reg,Lvl
1173,160,FV,35.0,4017,Pave,Pave,IR1,Lvl
1174,50,RL,138.0,18030,Pave,,IR1,Bnk
1175,70,RL,80.0,16560,Pave,,IR1,Lvl
1176,50,RL,85.0,10678,Pave,,Reg,Lvl
1177,20,RL,37.0,6951,Pave,,IR1,Lvl
1178,50,RM,,3950,Pave,Grvl,Reg,Bnk
1179,50,RL,54.0,7681,Pave,,IR1,Lvl
1180,20,RL,77.0,8335,Pave,,Reg,Lvl
1181,60,RL,,11170,Pave,,IR2,Lvl
1182,120,RM,64.0,5587,Pave,,IR1,HLS
1183,60,RL,160.0,15623,Pave,,IR1,Lvl
1184,30,RL,60.0,10800,Pave,Grvl,Reg,Lvl
1185,20,RL,50.0,35133,Grvl,,Reg,Lvl
1186,50,RL,60.0,9738,Pave,,Reg,Lvl
1187,190,RL,107.0,10615,Pave,,IR1,Bnk
1188,20,RL,89.0,12461,Pave,,Reg,Lvl
1189,60,RL,68.0,8935,Pave,,IR1,Lvl
1190,60,RL,60.0,7500,Pave,,Reg,Lvl
1191,190,RL,,32463,Pave,,Reg,Low
1192,160,FV,24.0,2645,Pave,Pave,Reg,Lvl
1193,50,RM,60.0,9600,Pave,Grvl,Reg,Lvl
1194,120,RM,,4500,Pave,,Reg,Lvl
1195,60,RL,80.0,9364,Pave,,Reg,Lvl
1196,60,RL,51.0,8029,Pave,,IR1,Lvl
1197,60,RL,58.0,14054,Pave,,IR1,Lvl
1198,75,RM,65.0,8850,Pave,,IR1,Bnk
1199,20,RL,70.0,9100,Pave,,Reg,Lvl
1200,20,RL,75.0,11235,Pave,,Reg,Lvl
1201,20,RL,71.0,9353,Pave,,Reg,Lvl
1202,60,RL,80.0,10400,Pave,,Reg,Lvl
1203,50,RM,50.0,6000,Pave,,Reg,Lvl
1204,20,RL,75.0,9750,Pave,,Reg,Lvl
1205,20,RL,78.0,10140,Pave,,Reg,Lvl
1206,20,RL,90.0,14684,Pave,,IR1,Lvl
1207,20,RH,,8900,Pave,,Reg,Lvl
1208,20,RL,70.0,9135,Pave,,Reg,Lvl
1209,20,RL,70.0,7763,Pave,,Reg,Lvl
1210,20,RL,85.0,10182,Pave,,IR1,Lvl
1211,60,RL,70.0,11218,Pave,,Reg,Lvl
1212,50,RL,152.0,12134,Pave,,IR1,Bnk
1213,30,RL,50.0,9340,Pave,,Reg,Lvl
1214,80,RL,,10246,Pave,,IR1,Lvl
1215,85,RL,69.0,10205,Pave,,IR1,Lvl
1216,20,RL,99.0,7094,Pave,,IR1,Lvl
1217,90,RM,68.0,8930,Pave,,Reg,Lvl
1218,20,FV,72.0,8640,Pave,,Reg,Lvl
1219,50,RM,52.0,6240,Pave,,Reg,Lvl
1220,160,RM,21.0,1680,Pave,,Reg,Lvl
1221,20,RL,66.0,7800,Pave,,IR1,Lvl
1222,20,RL,55.0,8250,Pave,,Reg,Lvl
1223,50,RL,78.0,10496,Pave,,Reg,Lvl
1224,20,RL,89.0,10680,Pave,,Reg,Lvl
1225,60,RL,60.0,15384,Pave,,IR1,Lvl
1226,80,RL,65.0,10482,Pave,,Reg,Lvl
1227,60,RL,86.0,14598,Pave,,IR1,Lvl
1228,20,RL,72.0,8872,Pave,,Reg,Lvl
1229,120,RL,65.0,8769,Pave,,Reg,Lvl
1230,80,RL,70.0,7910,Pave,,Reg,Lvl
1231,90,RL,,18890,Pave,,IR1,Lvl
1232,90,RL,70.0,7728,Pave,,Reg,Lvl
1233,90,RL,70.0,9842,Pave,,Reg,Lvl
1234,20,RL,,12160,Pave,,IR1,Lvl
1235,70,RH,55.0,8525,Pave,,Reg,Bnk
1236,70,RL,96.0,13132,Pave,,Reg,Lvl
1237,160,RL,36.0,2628,Pave,,Reg,Lvl
1238,60,RL,41.0,12393,Pave,,IR2,Lvl
1239,20,RL,63.0,13072,Pave,,Reg,Lvl
1240,20,RL,64.0,9037,Pave,,IR1,HLS
1241,60,RL,65.0,8158,Pave,,Reg,Lvl
1242,20,RL,83.0,9849,Pave,,Reg,Lvl
1243,85,RL,85.0,10625,Pave,,Reg,Lvl
1244,20,RL,107.0,13891,Pave,,Reg,Lvl
1245,70,RL,,11435,Pave,,IR1,HLS
1246,80,RL,78.0,12090,Pave,,Reg,Lvl
1247,60,FV,65.0,8125,Pave,,Reg,Lvl
1248,80,RL,,12328,Pave,,IR1,Lvl
1249,75,RM,60.0,9600,Pave,Grvl,Reg,Lvl
1250,20,RL,60.0,7200,Pave,,Reg,Lvl
1251,20,RL,93.0,11160,Pave,,Reg,Lvl
1252,120,RL,,3136,Pave,,IR1,Lvl
1253,20,RL,62.0,9858,Pave,,Reg,Lvl
1254,60,RL,,17542,Pave,,IR1,Lvl
1255,60,RL,60.0,6931,Pave,,Reg,Lvl
1256,50,RM,52.0,6240,Pave,,Reg,Lvl
1257,20,RL,91.0,14303,Pave,,IR1,Lvl
1258,30,RL,56.0,4060,Pave,,Reg,Lvl
1259,80,RL,59.0,9587,Pave,,IR1,Lvl
1260,20,RL,65.0,9750,Pave,,Reg,Lvl
1261,60,RL,,24682,Pave,,IR3,Lvl
1262,20,RL,80.0,9600,Pave,,Reg,Lvl
1263,50,RL,,11250,Pave,,Reg,Lvl
1264,70,RL,60.0,13515,Pave,Pave,Reg,Lvl
1265,120,RH,34.0,4060,Pave,,Reg,Lvl
1266,160,FV,35.0,3735,Pave,,Reg,Lvl
1267,190,RM,60.0,10120,Pave,,IR1,Bnk
1268,20,RL,89.0,13214,Pave,,IR1,HLS
1269,50,RL,,14100,Pave,,IR1,Lvl
1270,50,RL,78.0,11344,Pave,,Reg,Lvl
1271,40,RL,,23595,Pave,,Reg,Low
1272,20,RL,,9156,Pave,,IR1,Lvl
1273,20,RL,,13526,Pave,,IR1,Lvl
1274,80,RL,124.0,11512,Pave,,IR1,Lvl
1275,50,RL,53.0,5362,Pave,,Reg,Lvl
1276,90,RL,95.0,11345,Pave,,Reg,Lvl
1277,60,RL,,12936,Pave,,IR1,Lvl
1278,80,RL,,17871,Pave,,IR1,Lvl
1279,60,RL,75.0,9473,Pave,,Reg,Lvl
1280,50,C (all),60.0,7500,Pave,,Reg,Lvl
1281,20,RL,67.0,9808,Pave,,IR1,Lvl
1282,20,RL,50.0,8049,Pave,,IR1,Lvl
1283,20,RL,61.0,8800,Pave,,IR1,Lvl
1284,90,RL,94.0,9400,Pave,,Reg,Low
1285,50,RL,50.0,9638,Pave,,Reg,Lvl
1286,50,RM,50.0,6000,Pave,,Reg,Lvl
1287,20,RL,,9790,Pave,,Reg,Lvl
1288,20,RL,,36500,Pave,,IR1,Low
1289,120,RL,40.0,5664,Pave,,IR1,Lvl
1290,60,RL,86.0,11065,Pave,,IR1,Lvl
1291,80,RL,,14112,Pave,,IR1,Lvl
1292,160,RM,21.0,1680,Pave,,Reg,Lvl
1293,70,RM,60.0,6600,Pave,,Reg,Lvl
1294,60,RL,78.0,10140,Pave,,Reg,Lvl
1295,20,RL,60.0,8172,Pave,,Reg,Lvl
1296,20,RL,70.0,8400,Pave,,Reg,Lvl
1297,20,RL,80.0,8700,Pave,,Reg,Lvl
1298,180,RM,35.0,3675,Pave,,Reg,Lvl
1299,60,RL,313.0,63887,Pave,,IR3,Bnk
1300,20,RL,75.0,7500,Pave,,Reg,Lvl
1301,60,RL,,10762,Pave,,IR1,Lvl
1302,70,RL,,7500,Pave,,IR1,Bnk
1303,60,RL,92.0,10120,Pave,,Reg,Lvl
1304,20,RL,73.0,8688,Pave,,Reg,Lvl
1305,160,RM,32.0,3363,Pave,,Reg,Lvl
1306,20,RL,108.0,13173,Pave,,IR1,Lvl
1307,120,RL,48.0,6955,Pave,,IR1,Lvl
1308,20,RL,60.0,8072,Pave,,Reg,Lvl
1309,20,RM,100.0,12000,Pave,,Reg,Lvl
1310,20,RL,,7153,Pave,,Reg,Lvl
1311,20,RL,100.0,17500,Pave,,Reg,Lvl
1312,20,RL,68.0,8814,Pave,,Reg,Lvl
1313,60,RL,,9572,Pave,,IR1,Lvl
1314,60,RL,108.0,14774,Pave,,IR1,Lvl
1315,20,RL,60.0,8190,Pave,,Reg,Lvl
1316,60,RL,85.0,11075,Pave,,Reg,Lvl
1317,20,RL,61.0,10226,Pave,,IR1,Lvl
1318,120,FV,47.0,4230,Pave,Pave,Reg,Lvl
1319,20,RL,,14781,Pave,,IR2,Lvl
1320,20,RL,75.0,10215,Pave,,Reg,Bnk
1321,20,RL,70.0,8400,Pave,,Reg,Lvl
1322,20,RL,,6627,Pave,,IR1,Lvl
1323,60,RL,107.0,10186,Pave,,IR1,Lvl
1324,30,RL,50.0,5330,Pave,,Reg,HLS
1325,20,RL,75.0,9986,Pave,,Reg,Lvl
1326,30,RM,40.0,3636,Pave,,Reg,Lvl
1327,30,RH,70.0,4270,Pave,,Reg,Bnk
1328,20,RL,60.0,6600,Pave,,Reg,Lvl
1329,50,RM,60.0,10440,Pave,Grvl,Reg,Lvl
1330,60,RL,63.0,9084,Pave,,IR1,Lvl
1331,20,RL,85.0,10000,Pave,,Reg,Lvl
1332,80,RL,55.0,10780,Pave,,IR1,Lvl
1333,20,RL,67.0,8877,Pave,,Reg,Lvl
1334,50,RM,60.0,7200,Pave,,Reg,Lvl
1335,160,RM,24.0,2368,Pave,,Reg,Lvl
1336,20,RL,80.0,9650,Pave,,Reg,Lvl
1337,90,RL,87.0,9246,Pave,,IR1,Lvl
1338,30,RM,153.0,4118,Pave,Grvl,IR1,Bnk
1339,60,RL,95.0,13450,Pave,,IR1,Lvl
1340,20,RL,120.0,9560,Pave,,IR1,Lvl
1341,20,RL,70.0,8294,Pave,,Reg,Lvl
1342,20,RL,66.0,13695,Pave,,Reg,Lvl
1343,60,RL,,9375,Pave,,Reg,Lvl
1344,50,RL,57.0,7558,Pave,,Reg,Bnk
1345,60,RL,85.0,11103,Pave,,IR1,Lvl
1346,30,RM,50.0,6000,Pave,,Reg,Lvl
1347,20,RL,,20781,Pave,,IR2,Lvl
1348,20,RL,93.0,15306,Pave,,IR1,HLS
1349,20,RL,,16196,Pave,,IR3,Low
1350,70,RM,50.0,5250,Pave,Pave,Reg,Lvl
1351,90,RL,91.0,11643,Pave,,Reg,Lvl
1352,60,RL,70.0,9247,Pave,,IR1,Lvl
1353,50,RM,50.0,6000,Pave,,Reg,Lvl
1354,50,RL,56.0,14720,Pave,,IR1,Lvl
1355,60,RL,,10316,Pave,,IR1,Lvl
1356,80,RL,102.0,10192,Pave,,IR1,Lvl
1357,20,RL,,9477,Pave,,Reg,Lvl
1358,20,RL,,12537,Pave,,IR1,Lvl
1359,160,FV,,2117,Pave,,Reg,Lvl
1360,20,RL,129.0,16737,Pave,,Reg,Lvl
1361,70,RL,51.0,9842,Pave,,Reg,Lvl
1362,20,RL,124.0,16158,Pave,,IR1,Low
1363,50,RL,,12513,Pave,,IR1,Lvl
1364,60,RL,73.0,8499,Pave,,IR1,Lvl
1365,160,FV,30.0,3180,Pave,Pave,Reg,Lvl
1366,60,FV,,7500,Pave,,Reg,Lvl
1367,60,RL,68.0,9179,Pave,,IR1,Lvl
1368,160,RM,41.0,2665,Pave,,Reg,Lvl
1369,120,RM,,4435,Pave,,Reg,Lvl
1370,20,RL,48.0,10635,Pave,,IR2,Lvl
1371,50,RL,90.0,5400,Pave,,Reg,Lvl
1372,80,RL,80.0,9600,Pave,,Reg,Lvl
1373,60,RL,75.0,9750,Pave,,Reg,Lvl
1374,20,RL,,11400,Pave,,Reg,Lvl
1375,60,FV,85.0,10625,Pave,,Reg,Lvl
1376,20,RL,89.0,10991,Pave,,IR1,HLS
1377,30,RL,52.0,6292,Pave,,Reg,Bnk
1378,50,RL,60.0,10998,Pave,Grvl,Reg,Lvl
1379,160,RM,21.0,1953,Pave,,Reg,Lvl
1380,80,RL,73.0,9735,Pave,,Reg,Lvl
1381,30,RL,45.0,8212,Pave,Grvl,Reg,Lvl
1382,20,RL,,12925,Pave,,IR1,Lvl
1383,70,RM,60.0,7200,Pave,,Reg,Lvl
1384,30,RL,,25339,Pave,,Reg,Lvl
1385,50,RL,60.0,9060,Pave,,Reg,Lvl
1386,50,RM,40.0,5436,Pave,,Reg,Lvl
1387,60,RL,80.0,16692,Pave,,IR1,Lvl
1388,50,RM,60.0,8520,Pave,Grvl,Reg,Lvl
1389,20,RL,42.0,14892,Pave,,IR1,HLS
1390,50,RM,60.0,6000,Pave,,Reg,Lvl
1391,20,RL,70.0,9100,Pave,,Reg,Lvl
1392,90,RL,65.0,8944,Pave,,Reg,Lvl
1393,85,RL,68.0,7838,Pave,,Reg,Lvl
1394,190,RM,60.0,10800,Pave,Pave,Reg,Lvl
1395,120,RL,53.0,4045,Pave,,Reg,Lvl
1396,60,RL,88.0,12665,Pave,,IR1,Lvl
1397,20,RL,,57200,Pave,,IR1,Bnk
1398,70,RM,51.0,6120,Pave,,Reg,Lvl
1399,50,RL,60.0,7200,Pave,,Reg,Lvl
1400,50,RL,51.0,6171,Pave,,Reg,Lvl
1401,50,RM,50.0,6000,Pave,,Reg,Lvl
1402,60,RL,62.0,7415,Pave,,IR1,Lvl
1403,20,RL,64.0,6762,Pave,,Reg,Lvl
1404,20,RL,49.0,15256,Pave,,IR1,Lvl
1405,50,RL,60.0,10410,Pave,Grvl,Reg,Lvl
1406,120,RM,44.0,3842,Pave,,IR1,HLS
1407,85,RL,70.0,8445,Pave,,Reg,Lvl
1408,20,RL,,8780,Pave,,IR1,Lvl
1409,70,RM,60.0,7740,Pave,,Reg,Lvl
1410,60,RL,46.0,20544,Pave,,IR1,Lvl
1411,60,RL,79.0,12420,Pave,,Reg,Lvl
1412,50,RL,80.0,9600,Pave,,Reg,Lvl
1413,90,RL,60.0,7200,Pave,,Reg,Lvl
1414,20,RL,88.0,10994,Pave,,IR1,Lvl
1415,50,RL,64.0,13053,Pave,Pave,Reg,Bnk
1416,120,RL,51.0,3635,Pave,,Reg,Lvl
1417,190,RM,60.0,11340,Pave,,Reg,Lvl
1418,60,RL,,16545,Pave,,IR1,Lvl
1419,20,RL,71.0,9204,Pave,,Reg,Lvl
1420,20,RL,,16381,Pave,,IR1,Lvl
1421,60,RL,90.0,11700,Pave,,Reg,Lvl
1422,120,RL,53.0,4043,Pave,,Reg,Lvl
1423,120,RM,37.0,4435,Pave,,Reg,Lvl
1424,80,RL,,19690,Pave,,IR1,Lvl
1425,20,RL,,9503,Pave,,Reg,Lvl
1426,20,RL,80.0,10721,Pave,,IR1,Lvl
1427,60,RL,81.0,10944,Pave,,IR1,Lvl
1428,50,RL,60.0,10930,Pave,Grvl,Reg,Bnk
1429,30,RM,60.0,7200,Pave,,Reg,Lvl
1430,20,RL,,12546,Pave,,IR1,Lvl
1431,60,RL,60.0,21930,Pave,,IR3,Lvl
1432,120,RL,,4928,Pave,,IR1,Lvl
1433,30,RL,60.0,10800,Pave,Grvl,Reg,Lvl
1434,60,RL,93.0,10261,Pave,,IR1,Lvl
1435,20,RL,80.0,17400,Pave,,Reg,Low
1436,20,RL,80.0,8400,Pave,,Reg,Lvl
1437,20,RL,60.0,9000,Pave,,Reg,Lvl
1438,20,RL,96.0,12444,Pave,,Reg,Lvl
1439,20,RM,90.0,7407,Pave,,Reg,Lvl
1440,60,RL,80.0,11584,Pave,,Reg,Lvl
1441,70,RL,79.0,11526,Pave,,IR1,Bnk
1442,120,RM,,4426,Pave,,Reg,Lvl
1443,60,FV,85.0,11003,Pave,,Reg,Lvl
1444,30,RL,,8854,Pave,,Reg,Lvl
1445,20,RL,63.0,8500,Pave,,Reg,Lvl
1446,85,RL,70.0,8400,Pave,,Reg,Lvl
1447,20,RL,,26142,Pave,,IR1,Lvl
1448,60,RL,80.0,10000,Pave,,Reg,Lvl
1449,50,RL,70.0,11767,Pave,,Reg,Lvl
1450,180,RM,21.0,1533,Pave,,Reg,Lvl
1451,90,RL,60.0,9000,Pave,,Reg,Lvl
1452,20,RL,78.0,9262,Pave,,Reg,Lvl
1453,180,RM,35.0,3675,Pave,,Reg,Lvl
1454,20,RL,90.0,17217,Pave,,Reg,Lvl
1455,20,FV,62.0,7500,Pave,Pave,Reg,Lvl
1456,60,RL,62.0,7917,Pave,,Reg,Lvl
1457,20,RL,85.0,13175,Pave,,Reg,Lvl
1458,70,RL,66.0,9042,Pave,,Reg,Lvl
1459,20,RL,68.0,9717,Pave,,Reg,Lvl
1460,20,RL,75.0,9937,Pave,,Reg,Lvl
